"filename", "language", "HTML", "Markdown", "SCSS", "JavaScript", "XML", "CSS", "comment", "blank", "total"
"e:\Рабочая папака\renni-tech\new-site\renni\404.html", "HTML", 415, 0, 0, 0, 0, 0, 0, 9, 424
"e:\Рабочая папака\renni-tech\new-site\renni\README.md", "Markdown", 0, 2, 0, 0, 0, 0, 0, 1, 3
"e:\Рабочая папака\renni-tech\new-site\renni\about.html", "HTML", 471, 0, 0, 0, 0, 0, 0, 17, 488
"e:\Рабочая папака\renni-tech\new-site\renni\assets\template\css\fancybox.css", "CSS", 0, 0, 0, 0, 0, 1, 0, 1, 2
"e:\Рабочая папака\renni-tech\new-site\renni\assets\template\css\fontawesome\css\all.css", "CSS", 0, 0, 0, 0, 0, 5345, 7, 2562, 7914
"e:\Рабочая папака\renni-tech\new-site\renni\assets\template\css\fontawesome\css\all.min.css", "CSS", 0, 0, 0, 0, 0, 3, 5, 1, 9
"e:\Рабочая папака\renni-tech\new-site\renni\assets\template\css\fontawesome\css\brands.css", "CSS", 0, 0, 0, 0, 0, 1072, 5, 533, 1610
"e:\Рабочая папака\renni-tech\new-site\renni\assets\template\css\fontawesome\css\brands.min.css", "CSS", 0, 0, 0, 0, 0, 1, 5, 0, 6
"e:\Рабочая папака\renni-tech\new-site\renni\assets\template\css\fontawesome\css\fontawesome.css", "CSS", 0, 0, 0, 0, 0, 4216, 7, 2021, 6244
"e:\Рабочая папака\renni-tech\new-site\renni\assets\template\css\fontawesome\css\fontawesome.min.css", "CSS", 0, 0, 0, 0, 0, 3, 5, 1, 9
"e:\Рабочая папака\renni-tech\new-site\renni\assets\template\css\fontawesome\css\regular.css", "CSS", 0, 0, 0, 0, 0, 12, 5, 3, 20
"e:\Рабочая папака\renni-tech\new-site\renni\assets\template\css\fontawesome\css\regular.min.css", "CSS", 0, 0, 0, 0, 0, 1, 5, 0, 6
"e:\Рабочая папака\renni-tech\new-site\renni\assets\template\css\fontawesome\css\solid.css", "CSS", 0, 0, 0, 0, 0, 12, 5, 3, 20
"e:\Рабочая папака\renni-tech\new-site\renni\assets\template\css\fontawesome\css\solid.min.css", "CSS", 0, 0, 0, 0, 0, 1, 5, 0, 6
"e:\Рабочая папака\renni-tech\new-site\renni\assets\template\css\fontawesome\css\svg-with-js.css", "CSS", 0, 0, 0, 0, 0, 387, 5, 70, 462
"e:\Рабочая папака\renni-tech\new-site\renni\assets\template\css\fontawesome\css\svg-with-js.min.css", "CSS", 0, 0, 0, 0, 0, 1, 5, 0, 6
"e:\Рабочая папака\renni-tech\new-site\renni\assets\template\css\fontawesome\css\v4-font-face.css", "CSS", 0, 0, 0, 0, 0, 18, 5, 4, 27
"e:\Рабочая папака\renni-tech\new-site\renni\assets\template\css\fontawesome\css\v4-font-face.min.css", "CSS", 0, 0, 0, 0, 0, 1, 5, 0, 6
"e:\Рабочая папака\renni-tech\new-site\renni\assets\template\css\fontawesome\css\v4-shims.css", "CSS", 0, 0, 0, 0, 0, 1566, 5, 624, 2195
"e:\Рабочая папака\renni-tech\new-site\renni\assets\template\css\fontawesome\css\v4-shims.min.css", "CSS", 0, 0, 0, 0, 0, 1, 5, 0, 6
"e:\Рабочая папака\renni-tech\new-site\renni\assets\template\css\fontawesome\css\v5-font-face.css", "CSS", 0, 0, 0, 0, 0, 15, 5, 3, 23
"e:\Рабочая папака\renni-tech\new-site\renni\assets\template\css\fontawesome\css\v5-font-face.min.css", "CSS", 0, 0, 0, 0, 0, 1, 5, 0, 6
"e:\Рабочая папака\renni-tech\new-site\renni\assets\template\css\style.css", "CSS", 0, 0, 0, 0, 0, 25033, 144, 1329, 26506
"e:\Рабочая папака\renni-tech\new-site\renni\assets\template\images\icon-home.svg", "XML", 0, 0, 0, 0, 5, 0, 0, 1, 6
"e:\Рабочая папака\renni-tech\new-site\renni\assets\template\js\bootstrap.bundle.min.js", "JavaScript", 0, 0, 0, 1, 0, 0, 6, 0, 7
"e:\Рабочая папака\renni-tech\new-site\renni\assets\template\js\fancybox.umd.js", "JavaScript", 0, 0, 0, 10, 0, 0, 0, 0, 10
"e:\Рабочая папака\renni-tech\new-site\renni\assets\template\js\jquery.min.js", "JavaScript", 0, 0, 0, 1, 0, 0, 1, 1, 3
"e:\Рабочая папака\renni-tech\new-site\renni\assets\template\js\jquery.nice-select.min.js", "JavaScript", 0, 0, 0, 1, 0, 0, 3, 0, 4
"e:\Рабочая папака\renni-tech\new-site\renni\assets\template\js\main.js", "JavaScript", 0, 0, 0, 336, 0, 0, 11, 14, 361
"e:\Рабочая папака\renni-tech\new-site\renni\assets\template\js\swiper-bundle.min.js", "JavaScript", 0, 0, 0, 1, 0, 0, 12, 1, 14
"e:\Рабочая папака\renni-tech\new-site\renni\assets\template\scss\_404.scss", "SCSS", 0, 0, 64, 0, 0, 0, 0, 1, 65
"e:\Рабочая папака\renni-tech\new-site\renni\assets\template\scss\_about.scss", "SCSS", 0, 0, 117, 0, 0, 0, 0, 2, 119
"e:\Рабочая папака\renni-tech\new-site\renni\assets\template\scss\_animate.scss", "SCSS", 0, 0, 3693, 0, 0, 0, 27, 354, 4074
"e:\Рабочая папака\renni-tech\new-site\renni\assets\template\scss\_breadcrumbs.scss", "SCSS", 0, 0, 74, 0, 0, 0, 0, 1, 75
"e:\Рабочая папака\renni-tech\new-site\renni\assets\template\scss\_button.scss", "SCSS", 0, 0, 892, 0, 0, 0, 34, 14, 940
"e:\Рабочая папака\renni-tech\new-site\renni\assets\template\scss\_catalog.scss", "SCSS", 0, 0, 713, 0, 0, 0, 1, 1, 715
"e:\Рабочая папака\renni-tech\new-site\renni\assets\template\scss\_contacts.scss", "SCSS", 0, 0, 121, 0, 0, 0, 0, 1, 122
"e:\Рабочая папака\renni-tech\new-site\renni\assets\template\scss\_content.scss", "SCSS", 0, 0, 278, 0, 0, 0, 3, 1, 282
"e:\Рабочая папака\renni-tech\new-site\renni\assets\template\scss\_delivery.scss", "SCSS", 0, 0, 97, 0, 0, 0, 0, 1, 98
"e:\Рабочая папака\renni-tech\new-site\renni\assets\template\scss\_faq.scss", "SCSS", 0, 0, 328, 0, 0, 0, 0, 1, 329
"e:\Рабочая папака\renni-tech\new-site\renni\assets\template\scss\_footer.scss", "SCSS", 0, 0, 420, 0, 0, 0, 0, 2, 422
"e:\Рабочая папака\renni-tech\new-site\renni\assets\template\scss\_form_control.scss", "SCSS", 0, 0, 210, 0, 0, 0, 0, 4, 214
"e:\Рабочая папака\renni-tech\new-site\renni\assets\template\scss\_header.scss", "SCSS", 0, 0, 364, 0, 0, 0, 0, 3, 367
"e:\Рабочая папака\renni-tech\new-site\renni\assets\template\scss\_main.scss", "SCSS", 0, 0, 634, 0, 0, 0, 0, 4, 638
"e:\Рабочая папака\renni-tech\new-site\renni\assets\template\scss\_manufacture.scss", "SCSS", 0, 0, 106, 0, 0, 0, 0, 2, 108
"e:\Рабочая папака\renni-tech\new-site\renni\assets\template\scss\_mobile.scss", "SCSS", 0, 0, 138, 0, 0, 0, 0, 3, 141
"e:\Рабочая папака\renni-tech\new-site\renni\assets\template\scss\_modal.scss", "SCSS", 0, 0, 29, 0, 0, 0, 0, 1, 30
"e:\Рабочая папака\renni-tech\new-site\renni\assets\template\scss\_news.scss", "SCSS", 0, 0, 355, 0, 0, 0, 0, 1, 356
"e:\Рабочая папака\renni-tech\new-site\renni\assets\template\scss\_nice_select.scss", "SCSS", 0, 0, 172, 0, 0, 0, 0, 3, 175
"e:\Рабочая папака\renni-tech\new-site\renni\assets\template\scss\_product.scss", "SCSS", 0, 0, 1025, 0, 0, 0, 6, 6, 1037
"e:\Рабочая папака\renni-tech\new-site\renni\assets\template\scss\_projects.scss", "SCSS", 0, 0, 316, 0, 0, 0, 0, 2, 318
"e:\Рабочая папака\renni-tech\new-site\renni\assets\template\scss\_reset.scss", "SCSS", 0, 0, 159, 0, 0, 0, 0, 7, 166
"e:\Рабочая папака\renni-tech\new-site\renni\assets\template\scss\_search.scss", "SCSS", 0, 0, 190, 0, 0, 0, 0, 2, 192
"e:\Рабочая папака\renni-tech\new-site\renni\assets\template\scss\_services.scss", "SCSS", 0, 0, 408, 0, 0, 0, 0, 3, 411
"e:\Рабочая папака\renni-tech\new-site\renni\assets\template\scss\_style.scss", "SCSS", 0, 0, 810, 0, 0, 0, 9, 3, 822
"e:\Рабочая папака\renni-tech\new-site\renni\assets\template\scss\_swiper.scss", "SCSS", 0, 0, 719, 0, 0, 0, 74, 3, 796
"e:\Рабочая папака\renni-tech\new-site\renni\assets\template\scss\_variables.scss", "SCSS", 0, 0, 41, 0, 0, 0, 0, 4, 45
"e:\Рабочая папака\renni-tech\new-site\renni\assets\template\scss\_videos.scss", "SCSS", 0, 0, 127, 0, 0, 0, 0, 1, 128
"e:\Рабочая папака\renni-tech\new-site\renni\assets\template\scss\bootstrap\_accordion.scss", "SCSS", 0, 0, 119, 0, 0, 0, 12, 23, 154
"e:\Рабочая папака\renni-tech\new-site\renni\assets\template\scss\bootstrap\_alert.scss", "SCSS", 0, 0, 43, 0, 0, 0, 15, 11, 69
"e:\Рабочая папака\renni-tech\new-site\renni\assets\template\scss\bootstrap\_badge.scss", "SCSS", 0, 0, 26, 0, 0, 0, 8, 5, 39
"e:\Рабочая папака\renni-tech\new-site\renni\assets\template\scss\bootstrap\_breadcrumb.scss", "SCSS", 0, 0, 33, 0, 0, 0, 3, 5, 41
"e:\Рабочая папака\renni-tech\new-site\renni\assets\template\scss\bootstrap\_button-group.scss", "SCSS", 0, 0, 93, 0, 0, 0, 27, 28, 148
"e:\Рабочая папака\renni-tech\new-site\renni\assets\template\scss\bootstrap\_buttons.scss", "SCSS", 0, 0, 166, 0, 0, 0, 24, 27, 217
"e:\Рабочая папака\renni-tech\new-site\renni\assets\template\scss\bootstrap\_card.scss", "SCSS", 0, 0, 174, 0, 0, 0, 28, 37, 239
"e:\Рабочая папака\renni-tech\new-site\renni\assets\template\scss\bootstrap\_carousel.scss", "SCSS", 0, 0, 165, 0, 0, 0, 31, 31, 227
"e:\Рабочая папака\renni-tech\new-site\renni\assets\template\scss\bootstrap\_close.scss", "SCSS", 0, 0, 50, 0, 0, 0, 7, 10, 67
"e:\Рабочая папака\renni-tech\new-site\renni\assets\template\scss\bootstrap\_containers.scss", "SCSS", 0, 0, 27, 0, 0, 0, 8, 7, 42
"e:\Рабочая папака\renni-tech\new-site\renni\assets\template\scss\bootstrap\_dropdown.scss", "SCSS", 0, 0, 200, 0, 0, 0, 21, 30, 251
"e:\Рабочая папака\renni-tech\new-site\renni\assets\template\scss\bootstrap\_forms.scss", "SCSS", 0, 0, 9, 0, 0, 0, 0, 1, 10
"e:\Рабочая папака\renni-tech\new-site\renni\assets\template\scss\bootstrap\_functions.scss", "SCSS", 0, 0, 214, 0, 0, 0, 43, 46, 303
"e:\Рабочая папака\renni-tech\new-site\renni\assets\template\scss\bootstrap\_grid.scss", "SCSS", 0, 0, 25, 0, 0, 0, 6, 9, 40
"e:\Рабочая папака\renni-tech\new-site\renni\assets\template\scss\bootstrap\_helpers.scss", "SCSS", 0, 0, 12, 0, 0, 0, 0, 1, 13
"e:\Рабочая папака\renni-tech\new-site\renni\assets\template\scss\bootstrap\_images.scss", "SCSS", 0, 0, 22, 0, 0, 0, 13, 8, 43
"e:\Рабочая папака\renni-tech\new-site\renni\assets\template\scss\bootstrap\_list-group.scss", "SCSS", 0, 0, 136, 0, 0, 0, 30, 34, 200
"e:\Рабочая папака\renni-tech\new-site\renni\assets\template\scss\bootstrap\_maps.scss", "SCSS", 0, 0, 126, 0, 0, 0, 29, 20, 175
"e:\Рабочая папака\renni-tech\new-site\renni\assets\template\scss\bootstrap\_mixins.scss", "SCSS", 0, 0, 25, 0, 0, 0, 10, 8, 43
"e:\Рабочая папака\renni-tech\new-site\renni\assets\template\scss\bootstrap\_modal.scss", "SCSS", 0, 0, 171, 0, 0, 0, 39, 31, 241
"e:\Рабочая папака\renni-tech\new-site\renni\assets\template\scss\bootstrap\_nav.scss", "SCSS", 0, 0, 133, 0, 0, 0, 31, 34, 198
"e:\Рабочая папака\renni-tech\new-site\renni\assets\template\scss\bootstrap\_navbar.scss", "SCSS", 0, 0, 203, 0, 0, 0, 44, 43, 290
"e:\Рабочая папака\renni-tech\new-site\renni\assets\template\scss\bootstrap\_offcanvas.scss", "SCSS", 0, 0, 123, 0, 0, 0, 5, 20, 148
"e:\Рабочая папака\renni-tech\new-site\renni\assets\template\scss\bootstrap\_pagination.scss", "SCSS", 0, 0, 90, 0, 0, 0, 6, 14, 110
"e:\Рабочая папака\renni-tech\new-site\renni\assets\template\scss\bootstrap\_placeholders.scss", "SCSS", 0, 0, 41, 0, 0, 0, 2, 9, 52
"e:\Рабочая папака\renni-tech\new-site\renni\assets\template\scss\bootstrap\_popover.scss", "SCSS", 0, 0, 159, 0, 0, 0, 11, 27, 197
"e:\Рабочая папака\renni-tech\new-site\renni\assets\template\scss\bootstrap\_progress.scss", "SCSS", 0, 0, 54, 0, 0, 0, 5, 10, 69
"e:\Рабочая папака\renni-tech\new-site\renni\assets\template\scss\bootstrap\_reboot.scss", "SCSS", 0, 0, 328, 0, 0, 0, 145, 139, 612
"e:\Рабочая папака\renni-tech\new-site\renni\assets\template\scss\bootstrap\_root.scss", "SCSS", 0, 0, 129, 0, 0, 0, 19, 40, 188
"e:\Рабочая папака\renni-tech\new-site\renni\assets\template\scss\bootstrap\_spinners.scss", "SCSS", 0, 0, 57, 0, 0, 0, 17, 12, 86
"e:\Рабочая папака\renni-tech\new-site\renni\assets\template\scss\bootstrap\_tables.scss", "SCSS", 0, 0, 94, 0, 0, 0, 47, 31, 172
"e:\Рабочая папака\renni-tech\new-site\renni\assets\template\scss\bootstrap\_toasts.scss", "SCSS", 0, 0, 62, 0, 0, 0, 2, 10, 74
"e:\Рабочая папака\renni-tech\new-site\renni\assets\template\scss\bootstrap\_tooltip.scss", "SCSS", 0, 0, 92, 0, 0, 0, 11, 17, 120
"e:\Рабочая папака\renni-tech\new-site\renni\assets\template\scss\bootstrap\_transitions.scss", "SCSS", 0, 0, 21, 0, 0, 0, 2, 5, 28
"e:\Рабочая папака\renni-tech\new-site\renni\assets\template\scss\bootstrap\_type.scss", "SCSS", 0, 0, 69, 0, 0, 0, 16, 22, 107
"e:\Рабочая папака\renni-tech\new-site\renni\assets\template\scss\bootstrap\_utilities.scss", "SCSS", 0, 0, 752, 0, 0, 0, 53, 2, 807
"e:\Рабочая папака\renni-tech\new-site\renni\assets\template\scss\bootstrap\_variables-dark.scss", "SCSS", 0, 0, 55, 0, 0, 0, 28, 20, 103
"e:\Рабочая папака\renni-tech\new-site\renni\assets\template\scss\bootstrap\_variables.scss", "SCSS", 0, 0, 1177, 0, 0, 0, 272, 305, 1754
"e:\Рабочая папака\renni-tech\new-site\renni\assets\template\scss\bootstrap\bootstrap-grid.scss", "SCSS", 0, 0, 53, 0, 0, 0, 2, 8, 63
"e:\Рабочая папака\renni-tech\new-site\renni\assets\template\scss\bootstrap\bootstrap-reboot.scss", "SCSS", 0, 0, 9, 0, 0, 0, 0, 2, 11
"e:\Рабочая папака\renni-tech\new-site\renni\assets\template\scss\bootstrap\bootstrap-utilities.scss", "SCSS", 0, 0, 11, 0, 0, 0, 4, 5, 20
"e:\Рабочая папака\renni-tech\new-site\renni\assets\template\scss\bootstrap\bootstrap.scss", "SCSS", 0, 0, 41, 0, 0, 0, 6, 6, 53
"e:\Рабочая папака\renni-tech\new-site\renni\assets\template\scss\bootstrap\forms\_floating-labels.scss", "SCSS", 0, 0, 86, 0, 0, 0, 2, 10, 98
"e:\Рабочая папака\renni-tech\new-site\renni\assets\template\scss\bootstrap\forms\_form-check.scss", "SCSS", 0, 0, 149, 0, 0, 0, 9, 32, 190
"e:\Рабочая папака\renni-tech\new-site\renni\assets\template\scss\bootstrap\forms\_form-control.scss", "SCSS", 0, 0, 140, 0, 0, 0, 43, 32, 215
"e:\Рабочая папака\renni-tech\new-site\renni\assets\template\scss\bootstrap\forms\_form-range.scss", "SCSS", 0, 0, 71, 0, 0, 0, 7, 14, 92
"e:\Рабочая папака\renni-tech\new-site\renni\assets\template\scss\bootstrap\forms\_form-select.scss", "SCSS", 0, 0, 65, 0, 0, 0, 6, 10, 81
"e:\Рабочая папака\renni-tech\new-site\renni\assets\template\scss\bootstrap\forms\_form-text.scss", "SCSS", 0, 0, 7, 0, 0, 0, 3, 2, 12
"e:\Рабочая папака\renni-tech\new-site\renni\assets\template\scss\bootstrap\forms\_input-group.scss", "SCSS", 0, 0, 91, 0, 0, 0, 21, 21, 133
"e:\Рабочая папака\renni-tech\new-site\renni\assets\template\scss\bootstrap\forms\_labels.scss", "SCSS", 0, 0, 27, 0, 0, 0, 5, 5, 37
"e:\Рабочая папака\renni-tech\new-site\renni\assets\template\scss\bootstrap\forms\_validation.scss", "SCSS", 0, 0, 3, 0, 0, 0, 8, 2, 13
"e:\Рабочая папака\renni-tech\new-site\renni\assets\template\scss\bootstrap\helpers\_clearfix.scss", "SCSS", 0, 0, 3, 0, 0, 0, 0, 1, 4
"e:\Рабочая папака\renni-tech\new-site\renni\assets\template\scss\bootstrap\helpers\_color-bg.scss", "SCSS", 0, 0, 6, 0, 0, 0, 1, 1, 8
"e:\Рабочая папака\renni-tech\new-site\renni\assets\template\scss\bootstrap\helpers\_colored-links.scss", "SCSS", 0, 0, 25, 0, 0, 0, 2, 4, 31
"e:\Рабочая папака\renni-tech\new-site\renni\assets\template\scss\bootstrap\helpers\_focus-ring.scss", "SCSS", 0, 0, 4, 0, 0, 0, 1, 1, 6
"e:\Рабочая папака\renni-tech\new-site\renni\assets\template\scss\bootstrap\helpers\_icon-link.scss", "SCSS", 0, 0, 23, 0, 0, 0, 0, 3, 26
"e:\Рабочая папака\renni-tech\new-site\renni\assets\template\scss\bootstrap\helpers\_position.scss", "SCSS", 0, 0, 29, 0, 0, 0, 2, 6, 37
"e:\Рабочая папака\renni-tech\new-site\renni\assets\template\scss\bootstrap\helpers\_ratio.scss", "SCSS", 0, 0, 21, 0, 0, 0, 1, 5, 27
"e:\Рабочая папака\renni-tech\new-site\renni\assets\template\scss\bootstrap\helpers\_stacks.scss", "SCSS", 0, 0, 12, 0, 0, 0, 2, 2, 16
"e:\Рабочая папака\renni-tech\new-site\renni\assets\template\scss\bootstrap\helpers\_stretched-link.scss", "SCSS", 0, 0, 11, 0, 0, 0, 3, 2, 16
"e:\Рабочая папака\renni-tech\new-site\renni\assets\template\scss\bootstrap\helpers\_text-truncation.scss", "SCSS", 0, 0, 3, 0, 0, 0, 3, 2, 8
"e:\Рабочая папака\renni-tech\new-site\renni\assets\template\scss\bootstrap\helpers\_visually-hidden.scss", "SCSS", 0, 0, 4, 0, 0, 0, 3, 2, 9
"e:\Рабочая папака\renni-tech\new-site\renni\assets\template\scss\bootstrap\helpers\_vr.scss", "SCSS", 0, 0, 8, 0, 0, 0, 0, 1, 9
"e:\Рабочая папака\renni-tech\new-site\renni\assets\template\scss\bootstrap\mixins\_alert.scss", "SCSS", 0, 0, 13, 0, 0, 0, 2, 4, 19
"e:\Рабочая папака\renni-tech\new-site\renni\assets\template\scss\bootstrap\mixins\_backdrop.scss", "SCSS", 0, 0, 11, 0, 0, 0, 2, 2, 15
"e:\Рабочая папака\renni-tech\new-site\renni\assets\template\scss\bootstrap\mixins\_banner.scss", "SCSS", 0, 0, 2, 0, 0, 0, 5, 1, 8
"e:\Рабочая папака\renni-tech\new-site\renni\assets\template\scss\bootstrap\mixins\_border-radius.scss", "SCSS", 0, 0, 63, 0, 0, 0, 5, 11, 79
"e:\Рабочая папака\renni-tech\new-site\renni\assets\template\scss\bootstrap\mixins\_box-shadow.scss", "SCSS", 0, 0, 22, 0, 0, 0, 0, 3, 25
"e:\Рабочая папака\renni-tech\new-site\renni\assets\template\scss\bootstrap\mixins\_breakpoints.scss", "SCSS", 0, 0, 73, 0, 0, 0, 44, 11, 128
"e:\Рабочая папака\renni-tech\new-site\renni\assets\template\scss\bootstrap\mixins\_buttons.scss", "SCSS", 0, 0, 57, 0, 0, 0, 10, 4, 71
"e:\Рабочая папака\renni-tech\new-site\renni\assets\template\scss\bootstrap\mixins\_caret.scss", "SCSS", 0, 0, 60, 0, 0, 0, 2, 8, 70
"e:\Рабочая папака\renni-tech\new-site\renni\assets\template\scss\bootstrap\mixins\_clearfix.scss", "SCSS", 0, 0, 7, 0, 0, 0, 2, 1, 10
"e:\Рабочая папака\renni-tech\new-site\renni\assets\template\scss\bootstrap\mixins\_color-mode.scss", "SCSS", 0, 0, 19, 0, 0, 0, 2, 1, 22
"e:\Рабочая папака\renni-tech\new-site\renni\assets\template\scss\bootstrap\mixins\_color-scheme.scss", "SCSS", 0, 0, 5, 0, 0, 0, 2, 1, 8
"e:\Рабочая папака\renni-tech\new-site\renni\assets\template\scss\bootstrap\mixins\_container.scss", "SCSS", 0, 0, 9, 0, 0, 0, 1, 2, 12
"e:\Рабочая папака\renni-tech\new-site\renni\assets\template\scss\bootstrap\mixins\_deprecate.scss", "SCSS", 0, 0, 5, 0, 0, 0, 5, 1, 11
"e:\Рабочая папака\renni-tech\new-site\renni\assets\template\scss\bootstrap\mixins\_forms.scss", "SCSS", 0, 0, 139, 0, 0, 0, 7, 18, 164
"e:\Рабочая папака\renni-tech\new-site\renni\assets\template\scss\bootstrap\mixins\_gradients.scss", "SCSS", 0, 0, 27, 0, 0, 0, 11, 10, 48
"e:\Рабочая папака\renni-tech\new-site\renni\assets\template\scss\bootstrap\mixins\_grid.scss", "SCSS", 0, 0, 107, 0, 0, 0, 24, 21, 152
"e:\Рабочая папака\renni-tech\new-site\renni\assets\template\scss\bootstrap\mixins\_image.scss", "SCSS", 0, 0, 4, 0, 0, 0, 9, 4, 17
"e:\Рабочая папака\renni-tech\new-site\renni\assets\template\scss\bootstrap\mixins\_list-group.scss", "SCSS", 0, 0, 19, 0, 0, 0, 3, 5, 27
"e:\Рабочая папака\renni-tech\new-site\renni\assets\template\scss\bootstrap\mixins\_lists.scss", "SCSS", 0, 0, 4, 0, 0, 0, 2, 2, 8
"e:\Рабочая папака\renni-tech\new-site\renni\assets\template\scss\bootstrap\mixins\_pagination.scss", "SCSS", 0, 0, 6, 0, 0, 0, 3, 2, 11
"e:\Рабочая папака\renni-tech\new-site\renni\assets\template\scss\bootstrap\mixins\_reset-text.scss", "SCSS", 0, 0, 16, 0, 0, 0, 1, 1, 18
"e:\Рабочая папака\renni-tech\new-site\renni\assets\template\scss\bootstrap\mixins\_resize.scss", "SCSS", 0, 0, 4, 0, 0, 0, 1, 2, 7
"e:\Рабочая папака\renni-tech\new-site\renni\assets\template\scss\bootstrap\mixins\_table-variants.scss", "SCSS", 0, 0, 20, 0, 0, 0, 2, 3, 25
"e:\Рабочая папака\renni-tech\new-site\renni\assets\template\scss\bootstrap\mixins\_text-truncate.scss", "SCSS", 0, 0, 5, 0, 0, 0, 2, 2, 9
"e:\Рабочая папака\renni-tech\new-site\renni\assets\template\scss\bootstrap\mixins\_transition.scss", "SCSS", 0, 0, 22, 0, 0, 0, 1, 4, 27
"e:\Рабочая папака\renni-tech\new-site\renni\assets\template\scss\bootstrap\mixins\_utilities.scss", "SCSS", 0, 0, 69, 0, 0, 0, 12, 17, 98
"e:\Рабочая папака\renni-tech\new-site\renni\assets\template\scss\bootstrap\mixins\_visually-hidden.scss", "SCSS", 0, 0, 21, 0, 0, 0, 11, 7, 39
"e:\Рабочая папака\renni-tech\new-site\renni\assets\template\scss\bootstrap\tests\jasmine.js", "JavaScript", 0, 0, 0, 8, 0, 0, 5, 4, 17
"e:\Рабочая папака\renni-tech\new-site\renni\assets\template\scss\bootstrap\tests\mixins\_auto-import-of-variables-dark.test.scss", "SCSS", 0, 0, 4, 0, 0, 0, 2, 2, 8
"e:\Рабочая папака\renni-tech\new-site\renni\assets\template\scss\bootstrap\tests\mixins\_box-shadow.test.scss", "SCSS", 0, 0, 160, 0, 0, 0, 3, 26, 189
"e:\Рабочая папака\renni-tech\new-site\renni\assets\template\scss\bootstrap\tests\mixins\_color-modes.test.scss", "SCSS", 0, 0, 63, 0, 0, 0, 1, 6, 70
"e:\Рабочая папака\renni-tech\new-site\renni\assets\template\scss\bootstrap\tests\mixins\_media-query-color-mode-full.test.scss", "SCSS", 0, 0, 6, 0, 0, 0, 0, 3, 9
"e:\Рабочая папака\renni-tech\new-site\renni\assets\template\scss\bootstrap\tests\mixins\_utilities.test.scss", "SCSS", 0, 0, 346, 0, 0, 0, 5, 43, 394
"e:\Рабочая папака\renni-tech\new-site\renni\assets\template\scss\bootstrap\tests\sass-true\register.js", "JavaScript", 0, 0, 0, 10, 0, 0, 0, 5, 15
"e:\Рабочая папака\renni-tech\new-site\renni\assets\template\scss\bootstrap\tests\sass-true\runner.js", "JavaScript", 0, 0, 0, 14, 0, 0, 0, 4, 18
"e:\Рабочая папака\renni-tech\new-site\renni\assets\template\scss\bootstrap\tests\utilities\_api.test.scss", "SCSS", 0, 0, 62, 0, 0, 0, 2, 12, 76
"e:\Рабочая папака\renni-tech\new-site\renni\assets\template\scss\bootstrap\utilities\_api.scss", "SCSS", 0, 0, 29, 0, 0, 0, 12, 7, 48
"e:\Рабочая папака\renni-tech\new-site\renni\assets\template\scss\bootstrap\vendor\_rfs.scss", "SCSS", 0, 0, 239, 0, 0, 0, 52, 58, 349
"e:\Рабочая папака\renni-tech\new-site\renni\assets\template\scss\style.scss", "SCSS", 0, 0, 30, 0, 0, 0, 1, 1, 32
"e:\Рабочая папака\renni-tech\new-site\renni\buttons.html", "HTML", 45, 0, 0, 0, 0, 0, 0, 3, 48
"e:\Рабочая папака\renni-tech\new-site\renni\catalog.html", "HTML", 717, 0, 0, 0, 0, 0, 12, 12, 741
"e:\Рабочая папака\renni-tech\new-site\renni\category-brand.html", "HTML", 1074, 0, 0, 0, 0, 0, 21, 25, 1120
"e:\Рабочая папака\renni-tech\new-site\renni\category.html", "HTML", 1167, 0, 0, 0, 0, 0, 21, 26, 1214
"e:\Рабочая папака\renni-tech\new-site\renni\contacts.html", "HTML", 403, 0, 0, 0, 0, 0, 0, 7, 410
"e:\Рабочая папака\renni-tech\new-site\renni\delivery.html", "HTML", 399, 0, 0, 0, 0, 0, 0, 11, 410
"e:\Рабочая папака\renni-tech\new-site\renni\faq-page.html", "HTML", 874, 0, 0, 0, 0, 0, 0, 19, 893
"e:\Рабочая папака\renni-tech\new-site\renni\faq.html", "HTML", 535, 0, 0, 0, 0, 0, 12, 21, 568
"e:\Рабочая папака\renni-tech\new-site\renni\index.html", "HTML", 782, 0, 0, 0, 0, 0, 0, 21, 803
"e:\Рабочая папака\renni-tech\new-site\renni\news-page.html", "HTML", 516, 0, 0, 0, 0, 0, 0, 21, 537
"e:\Рабочая папака\renni-tech\new-site\renni\news.html", "HTML", 719, 0, 0, 0, 0, 0, 24, 25, 768
"e:\Рабочая папака\renni-tech\new-site\renni\product.html", "HTML", 1483, 0, 0, 0, 0, 0, 0, 28, 1511
"e:\Рабочая папака\renni-tech\new-site\renni\projects-map.html", "HTML", 440, 0, 0, 0, 0, 0, 0, 15, 455
"e:\Рабочая папака\renni-tech\new-site\renni\projects.html", "HTML", 740, 0, 0, 0, 0, 0, 12, 19, 771
"e:\Рабочая папака\renni-tech\new-site\renni\servis.html", "HTML", 433, 0, 0, 0, 0, 0, 0, 13, 446
"e:\Рабочая папака\renni-tech\new-site\renni\uslugi.html", "HTML", 680, 0, 0, 0, 0, 0, 4, 17, 701
"e:\Рабочая папака\renni-tech\new-site\renni\videos.html", "HTML", 762, 0, 0, 0, 0, 0, 24, 9, 795
"Total", "-", 12655, 2, 20725, 382, 5, 37690, 2013, 9552, 83024